qmd,status,dtime
1400_LSBNRf-BNN.qmd,TRUE,2023-01-04T11:11:07Z
1sUS757M_ABCN_2022-12-08.qmd,TRUE,2023-01-04T11:11:07Z
1US757MC_Indp_2022-12-08.qmd,TRUE,2023-01-04T11:11:07Z
1US757MC_AssP_2022-12-08.qmd,TRUE,2023-01-04T11:11:07Z
1US757MC_ABCN_2022-12-08.qmd,TRUE,2023-01-04T11:11:07Z
300F_NC3-.qmd,TRUE,2023-01-04T11:11:09Z
32NC_NC3-.qmd,TRUE,2023-01-04T11:11:09Z
20YO_LCOf.qmd,TRUE,2023-01-04T11:11:09Z
2022_Tm-S.qmd,TRUE,2023-01-04T11:11:09Z
1sUS757M_stt._2022-12-08.qmd,TRUE,2023-01-04T11:11:09Z
1sUS757M_TrnS_2022-12-08.qmd,TRUE,2023-01-04T11:11:09Z
1sUS757M_stt.qmd,TRUE,2023-01-04T11:11:09Z
AESC_Tm-S.qmd,TRUE,2023-01-04T11:11:10Z
AGDM_Tm-S.qmd,TRUE,2023-01-04T11:11:10Z
A202_NC3-.qmd,TRUE,2023-01-04T11:11:10Z
46I2_NC3-.qmd,TRUE,2023-01-04T11:11:10Z
3d2C_NC3-.qmd,TRUE,2023-01-04T11:11:10Z
34VS_NC3-.qmd,TRUE,2023-01-04T11:11:10Z
44FT_SLR-HB.qmd,TRUE,2023-01-04T11:11:11Z
ARDH_LSBNRf-BNN.qmd,TRUE,2023-01-04T11:11:11Z
AOSS_LCOf.qmd,TRUE,2023-01-04T11:11:11Z
ARGC_AiA-HB.qmd,TRUE,2023-01-04T11:11:11Z
ANYS_SBN-.qmd,TRUE,2023-01-04T11:11:11Z
AMSR_LCOf.qmd,TRUE,2023-01-04T11:11:12Z
AGMN_NC3-.qmd,TRUE,2023-01-04T11:11:12Z
ANUR_LCOf.qmd,TRUE,2023-01-04T11:11:12Z
AtSC_NC3-.qmd,TRUE,2023-01-04T11:11:13Z
AttG_NC3-.qmd,TRUE,2023-01-04T11:11:13Z
AstS_Nzhw.qmd,TRUE,2023-01-04T11:11:13Z
ArWC_NC3-.qmd,TRUE,2023-01-04T11:11:13Z
AWNY_TSBI.qmd,TRUE,2023-01-04T11:11:13Z
ATE2_Nzhw.qmd,TRUE,2023-01-04T11:11:13Z
Alfl_NC3-.qmd,TRUE,2023-01-04T11:11:13Z
BLLA_NC3-.qmd,TRUE,2023-01-04T11:11:14Z
BMRH_Nzhw.qmd,TRUE,2023-01-04T11:11:14Z
BLAP_AiA-HB.qmd,TRUE,2023-01-04T11:11:14Z
BHAAW_BoOEM.qmd,TRUE,2023-01-04T11:11:14Z
BEHO_LCOf.qmd,TRUE,2023-01-04T11:11:14Z
AttY_NC3-.qmd,TRUE,2023-01-04T11:11:15Z
BHAAF_BoOEM.qmd,TRUE,2023-01-04T11:11:15Z
BOEMI_BoOEM.qmd,TRUE,2023-01-04T11:11:15Z
BOEMM_BoOEM.qmd,TRUE,2023-01-04T11:11:15Z
BOEMF_BoOEM.qmd,TRUE,2023-01-04T11:11:15Z
BOEME_BoOEM.qmd,TRUE,2023-01-04T11:11:15Z
BOEMAR_BoOEM.qmd,TRUE,2023-01-04T11:11:16Z
BOEMD_BoOEM.qmd,TRUE,2023-01-04T11:11:16Z
BOEMAN_BoOEM.qmd,TRUE,2023-01-04T11:11:16Z
BOEMSCIE_BoOEM.qmd,TRUE,2023-01-04T11:11:17Z
BOEMSCIO_BoOEM.qmd,TRUE,2023-01-04T11:11:17Z
BOEMP_BoOEM.qmd,TRUE,2023-01-04T11:11:17Z
BOEMSCE_BoOEM.qmd,TRUE,2023-01-04T11:11:17Z
BOEMNC_OWE-HB.qmd,TRUE,2023-01-04T11:11:17Z
BOEMNA_BoOEM.qmd,TRUE,2023-01-04T11:11:17Z
BOEMNOAAF_BoOEM.qmd,TRUE,2023-01-04T11:11:17Z
BOOKEDD29_LCOf.qmd,TRUE,2023-01-04T11:11:18Z
BOOKEDD30_LCOf.qmd,TRUE,2023-01-04T11:11:18Z
BOIL_LCOf.qmd,TRUE,2023-01-04T11:11:18Z
BOOKEDD28_LCOf.qmd,TRUE,2023-01-04T11:11:18Z
BOEMSPCP_BoOEM.qmd,TRUE,2023-01-04T11:11:19Z
BOEMSPCD_BoOEM.qmd,TRUE,2023-01-04T11:11:19Z
BOEMnNOAA_BoOEM.qmd,TRUE,2023-01-04T11:11:19Z
BPIK_NC3-.qmd,TRUE,2023-01-04T11:11:19Z
BR20_NC3-.qmd,TRUE,2023-01-04T11:11:19Z
BOOKEDJ2_LCOf.qmd,TRUE,2023-01-04T11:11:19Z
BP24_NC3-.qmd,TRUE,2023-01-04T11:11:20Z
BOOKEDD31_LCOf.qmd,TRUE,2023-01-04T11:11:20Z
BOOKEDD3_LCOf.qmd,TRUE,2023-01-04T11:11:20Z
BOOKEDJ1_LCOf.qmd,TRUE,2023-01-04T11:11:20Z
BcGT_NC3-.qmd,TRUE,2023-01-04T11:11:21Z
BWNI_LCOf.qmd,TRUE,2023-01-04T11:11:21Z
BSF2_Tm-S.qmd,FALSE,2023-01-04T11:11:21Z
BSWC_LCOf.qmd,TRUE,2023-01-04T11:11:21Z
BSPC_Rlc.qmd,TRUE,2023-01-04T11:11:22Z
CCCG_TSBI.qmd,TRUE,2023-01-04T11:11:22Z
CAPA_LSBNRf-BNN.qmd,TRUE,2023-01-04T11:11:22Z
BSPC_Rlc._2022-12-07.qmd,TRUE,2023-01-04T11:11:22Z
Bndc_NC3-.qmd,TRUE,2023-01-04T11:11:22Z
BRMA_KPBS_2022-12-14.qmd,TRUE,2023-01-04T11:11:22Z
CAGR_SBN-.qmd,TRUE,2023-01-04T11:11:22Z
BrMK_NC3-.qmd,TRUE,2023-01-04T11:11:23Z
CEWR_LCOf.qmd,TRUE,2023-01-04T11:11:23Z
BpHC_Tm-S.qmd,TRUE,2023-01-04T11:11:24Z
CCEZ_Nzhw.qmd,TRUE,2023-01-04T11:11:24Z
Bdn6_NC3-.qmd,TRUE,2023-01-04T11:11:24Z
CCW4_Wtt.qmd,TRUE,2023-01-04T11:11:24Z
CCHB_OWE-HB.qmd,TRUE,2023-01-04T11:11:24Z
CCW4_Wtt._2022-12-03.qmd,TRUE,2023-01-04T11:11:24Z
COREHLTMT_RCOR.qmd,TRUE,2023-01-04T11:11:25Z
CCHB_L-HB.qmd,TRUE,2023-01-04T11:11:25Z
CCEG_AiA-HB.qmd,TRUE,2023-01-04T11:11:25Z
COREHLTMN_RCOR.qmd,TRUE,2023-01-04T11:11:25Z
COREHLTC_RCOR.qmd,TRUE,2023-01-04T11:11:25Z
COREHLTME_RCOR.qmd,TRUE,2023-01-04T11:11:26Z
CJBA_KQED_2022-12-27.qmd,TRUE,2023-01-04T11:11:26Z
CRCH_P-HB.qmd,TRUE,2023-01-04T11:11:26Z
CMOS_Nzhw.qmd,TRUE,2023-01-04T11:11:26Z
COREHS_RCOR.qmd,TRUE,2023-01-04T11:11:27Z
COWA_RCOR.qmd,TRUE,2023-01-04T11:11:27Z
COREHLTT_RCOR.qmd,TRUE,2023-01-04T11:11:27Z
COWA_YhEn_2022-12-07.qmd,TRUE,2023-01-04T11:11:27Z
CJAS_KQED_2022-12-17.qmd,TRUE,2023-01-04T11:11:27Z
COREHLTV_RCOR.qmd,TRUE,2023-01-04T11:11:28Z
ClfH_Frtn_2022-12-09.qmd,TRUE,2023-01-04T11:11:28Z
CTSS_P-HB.qmd,TRUE,2023-01-04T11:11:28Z
CSUF_LSBNRf-BNN.qmd,TRUE,2023-01-04T11:11:28Z
COREHLTS_RCOR.qmd,TRUE,2023-01-04T11:11:28Z
CT20_Tm-S.qmd,TRUE,2023-01-04T11:11:29Z
CW75_Rnw._2022-12-15.qmd,TRUE,2023-01-04T11:11:29Z
ClmB_P-HB.qmd,TRUE,2023-01-04T11:11:29Z
DDRS_P-HB.qmd,TRUE,2023-01-04T11:11:29Z
CW75_Rnw.qmd,TRUE,2023-01-04T11:11:29Z
Clfr_NC3-.qmd,TRUE,2023-01-04T11:11:30Z
CSF2_AiA-HB.qmd,TRUE,2023-01-04T11:11:30Z
Cnty_P-HB.qmd,TRUE,2023-01-04T11:11:30Z
Clfr_Tm-S.qmd,TRUE,2023-01-04T11:11:30Z
DRG7_TSBI.qmd,TRUE,2023-01-04T11:11:30Z
Crtc_SBN-.qmd,TRUE,2023-01-04T11:11:31Z
EASM_AiA-HB.qmd,TRUE,2023-01-04T11:11:31Z
ClfW_Tm-S.qmd,TRUE,2023-01-04T11:11:31Z
DMCO_Nzhw.qmd,TRUE,2023-01-04T11:11:31Z
DrTS_NC3-.qmd,TRUE,2023-01-04T11:11:32Z
DOSC_P-HB.qmd,TRUE,2023-01-04T11:11:32Z
EART_LCOf.qmd,TRUE,2023-01-04T11:11:32Z
ESFW_ClnT_2022-12-09.qmd,TRUE,2023-01-04T11:11:32Z
DLN1_NC3-.qmd,TRUE,2023-01-04T11:11:32Z
EMSC_NC3-.qmd,TRUE,2023-01-04T11:11:33Z
EPCB_L-HB.qmd,FALSE,2023-01-04T11:11:33Z
EWOW_Rgzn_2022-12-12.qmd,TRUE,2023-01-04T11:11:33Z
EUP2_NC3-.qmd,TRUE,2023-01-04T11:11:33Z
ExNY_NC3-.qmd,TRUE,2023-01-04T11:11:34Z
EvMJ_NC3-.qmd,TRUE,2023-01-04T11:11:34Z
Erkc_L-HB.qmd,TRUE,2023-01-04T11:11:34Z
FCWC_NC3-.qmd,TRUE,2023-01-04T11:11:34Z
EIWN_TSBI.qmd,TRUE,2023-01-04T11:11:34Z
EWCS_BsnW_2022-12-07.qmd,TRUE,2023-01-04T11:11:34Z
FC75_CNBC_2022-12-07.qmd,TRUE,2023-01-04T11:11:35Z
FFGW_TSBI.qmd,TRUE,2023-01-04T11:11:35Z
EXPL_NC3-.qmd,TRUE,2023-01-04T11:11:36Z
FEF1_Mrk._2022-12-14.qmd,TRUE,2023-01-04T11:11:36Z
FOWL_ClnT_2022-12-10.qmd,TRUE,2023-01-04T11:11:36Z
FEF1_Mrk.qmd,TRUE,2023-01-04T11:11:36Z
FCOW_KQED_2022-12-08.qmd,TRUE,2023-01-04T11:11:37Z
FDAA_NC3-.qmd,TRUE,2023-01-04T11:11:37Z
FICI_EURA_2022-11-28.qmd,TRUE,2023-01-04T11:11:37Z
FWCOWA_gcp._2022-12-06.qmd,TRUE,2023-01-04T11:11:37Z
FLOO_LCOf.qmd,TRUE,2023-01-04T11:11:38Z
FWCOWL_gcp.qmd,TRUE,2023-01-04T11:11:38Z
FUSL_Jnc._2022-12-09.qmd,TRUE,2023-01-04T11:11:38Z
FUSL_Jnc.qmd,TRUE,2023-01-04T11:11:38Z
FP51_NC3-.qmd,TRUE,2023-01-04T11:11:38Z
Fl9V_SBN-.qmd,TRUE,2023-01-04T11:11:39Z
FghO_TSBI.qmd,FALSE,2023-01-04T11:11:39Z
FWCOWA_gcp.qmd,TRUE,2023-01-04T11:11:40Z
FnPB_NC3-.qmd,TRUE,2023-01-04T11:11:40Z
FWCW_gcp.qmd,TRUE,2023-01-04T11:11:40Z
FWCOWL_gcp._2022-12-07.qmd,TRUE,2023-01-04T11:11:40Z
FWCW_gcp._2022-12-07.qmd,TRUE,2023-01-04T11:11:40Z
Fvcmpnswllpyt750WC_CNN_2022-12-07.qmd,TRUE,2023-01-04T11:11:41Z
GNYSL_LSBNRf-BNN.qmd,TRUE,2023-01-04T11:11:41Z
FmlI_NC3-.qmd,TRUE,2023-01-04T11:11:41Z
Fvcmpnswllpy750mWC_AB1N_2022-12-07.qmd,TRUE,2023-01-04T11:11:41Z
FlCH_FstC_2022-12-13.qmd,TRUE,2023-01-04T11:11:42Z
GdNYS_LSBNRf-BNN.qmd,TRUE,2023-01-04T11:11:42Z
FvcC_Bzt.qmd,TRUE,2023-01-04T11:11:42Z
FvcC_Bzt._2022-12-08.qmd,TRUE,2023-01-04T11:11:42Z
GI20_NC3-.qmd,TRUE,2023-01-04T11:11:43Z
GCOT_Nzhw.qmd,TRUE,2023-01-04T11:11:43Z
Gntc_Ph.qmd,TRUE,2023-01-04T11:11:43Z
GROW_LCOf.qmd,TRUE,2023-01-04T11:11:43Z
GrmU_NC3-.qmd,TRUE,2023-01-04T11:11:43Z
GSWJ_PRNw_2022-12-07.qmd,TRUE,2023-01-04T11:11:43Z
GOAT_NC3-.qmd,TRUE,2023-01-04T11:11:44Z
HBSM_AiA-HB.qmd,TRUE,2023-01-04T11:11:44Z
GnTM_NC3-.qmd,TRUE,2023-01-04T11:11:44Z
GrNY_NC3-.qmd,TRUE,2023-01-04T11:11:45Z
GrcB_NC3-.qmd,TRUE,2023-01-04T11:11:45Z
Gntc_Ph.O_2022-12-06.qmd,TRUE,2023-01-04T11:11:45Z
HDCO_SBN-.qmd,TRUE,2023-01-04T11:11:45Z
HLSO_RCOR.qmd,TRUE,2023-01-04T11:11:46Z
GstS_NC3-.qmd,TRUE,2023-01-04T11:11:46Z
Gntc_ScnD_2022-12-09.qmd,TRUE,2023-01-04T11:11:46Z
HDAM_OWE-HB.qmd,TRUE,2023-01-04T11:11:46Z
HCSS_AiA-HB.qmd,TRUE,2023-01-04T11:11:46Z
HWMA_P-HB.qmd,TRUE,2023-01-04T11:11:46Z
H5US_ThCA_2022-12-08.qmd,TRUE,2023-01-04T11:11:47Z
HmNY_Tm-S.qmd,TRUE,2023-01-04T11:11:47Z
HCBB_SLR-HB.qmd,TRUE,2023-01-04T11:11:47Z
HOWL_OWE-HB.qmd,TRUE,2023-01-04T11:11:47Z
Hydr_NC3-.qmd,TRUE,2023-01-04T11:11:47Z
HDFW_gcp._2022-12-11.qmd,TRUE,2023-01-04T11:11:48Z
HW5U_ThCA_2022-12-08.qmd,TRUE,2023-01-04T11:11:48Z
IMKT_L-HB.qmd,TRUE,2023-01-04T11:11:48Z
HgbT_Tm-S.qmd,FALSE,2023-01-04T11:11:49Z
HOES_LCOf.qmd,TRUE,2023-01-04T11:11:49Z
HmbB_SLR-HB.qmd,TRUE,2023-01-04T11:11:49Z
IndA_TSBI.qmd,TRUE,2023-01-04T11:11:49Z
HDFW_gcp.qmd,TRUE,2023-01-04T11:11:49Z
K202_NC3-.qmd,TRUE,2023-01-04T11:11:50Z
I201_NC3-.qmd,TRUE,2023-01-04T11:11:50Z
IRS3_SBN-.qmd,TRUE,2023-01-04T11:11:50Z
Hwdf_TchX_2022-12-09.qmd,TRUE,2023-01-04T11:11:50Z
HmbB_L-HB.qmd,TRUE,2023-01-04T11:11:50Z
LNYD_Tm-S.qmd,TRUE,2023-01-04T11:11:51Z
LC75_USAT_2022-12-07.qmd,TRUE,2023-01-04T11:11:51Z
HllC_Pltc_2022-12-07.qmd,TRUE,2023-01-04T11:11:51Z
KODC_NC3-.qmd,TRUE,2023-01-04T11:11:52Z
JZ20_TSBI.qmd,TRUE,2023-01-04T11:11:52Z
IMKT_SLR-HB.qmd,TRUE,2023-01-04T11:11:52Z
LPMM_LSBNRf-BNN.qmd,FALSE,2023-01-04T11:11:52Z
ITWT_KQED_2022-12-12.qmd,TRUE,2023-01-04T11:11:52Z
LPP1_NC3-.qmd,TRUE,2023-01-04T11:11:53Z
IMCH_NC3-.qmd,TRUE,2023-01-04T11:11:53Z
LEUS_NC3-.qmd,TRUE,2023-01-04T11:11:53Z
KHUM_P-HB.qmd,TRUE,2023-01-04T11:11:53Z
LTBB_Frbs_2022-12-05.qmd,TRUE,2023-01-04T11:11:53Z
KmPH_NC3-.qmd,TRUE,2023-01-04T11:11:54Z
LsFT_OWE-HB.qmd,TRUE,2023-01-04T11:11:54Z
MAAG_SBN-.qmd,TRUE,2023-01-04T11:11:54Z
LPCF_TSBI.qmd,TRUE,2023-01-04T11:11:54Z
MLGM_Nzhw.qmd,TRUE,2023-01-04T11:11:54Z
Jntc_GrnB_2022-12-08.qmd,TRUE,2023-01-04T11:11:55Z
LTBB_Bzt._2022-12-05.qmd,TRUE,2023-01-04T11:11:55Z
LPNY_Nzhw.qmd,TRUE,2023-01-04T11:11:55Z
MPFH_Nzhw.qmd,TRUE,2023-01-04T11:11:55Z
MSDD_LCOf.qmd,TRUE,2023-01-04T11:11:55Z
LsFT_L-HB.qmd,TRUE,2023-01-04T11:11:56Z
Mnrr_NC3-.qmd,TRUE,2023-01-04T11:11:56Z
MCTR_TSBI.qmd,TRUE,2023-01-04T11:11:56Z
LJ12_Tm-S.qmd,TRUE,2023-01-04T11:11:56Z
M39T_LSBNRf-BNN.qmd,TRUE,2023-01-04T11:11:57Z
NCFF_OWE-HB.qmd,TRUE,2023-01-04T11:11:57Z
MMT2_Tm-S.qmd,TRUE,2023-01-04T11:11:57Z
NEP1_Nzhw.qmd,TRUE,2023-01-04T11:11:57Z
MsNS_Indp_2022-12-15.qmd,TRUE,2023-01-04T11:11:58Z
MU63_NC3-.qmd,TRUE,2023-01-04T11:11:58Z
MPLL_LSBNRf-BNN.qmd,TRUE,2023-01-04T11:11:58Z
NKSK_NC3-.qmd,TRUE,2023-01-04T11:11:58Z
NFHH_Tm-S.qmd,FALSE,2023-01-04T11:11:59Z
NYCn_NC3-.qmd,TRUE,2023-01-04T11:11:59Z
MrtA_SBN-.qmd,TRUE,2023-01-04T11:11:59Z
LTBB_Bzt.qmd,TRUE,2023-01-04T11:11:59Z
NCMM_NC3-.qmd,TRUE,2023-01-04T11:11:59Z
Mxc4_NC3-.qmd,TRUE,2023-01-04T11:12:00Z
O700_L-HB.qmd,TRUE,2023-01-04T11:12:00Z
NwMB_NC3-.qmd,TRUE,2023-01-04T11:12:00Z
OBITUARYF_LCOf.qmd,TRUE,2023-01-04T11:12:00Z
NEWS_SBN-.qmd,TRUE,2023-01-04T11:12:00Z
MGMR_NC3-.qmd,TRUE,2023-01-04T11:12:00Z
NSYV_NC3-.qmd,TRUE,2023-01-04T11:12:01Z
OBITUARYTR_LCOf.qmd,TRUE,2023-01-04T11:12:01Z
OBITUARYP_LCOf.qmd,TRUE,2023-01-04T11:12:01Z
OQAI_Nzhw.qmd,TRUE,2023-01-04T11:12:02Z
Nvdr_SBN-.qmd,TRUE,2023-01-04T11:12:02Z
MnCA_NC3-.qmd,TRUE,2023-01-04T11:12:02Z
NFOW_ClnT_2022-11-25.qmd,TRUE,2023-01-04T11:12:02Z
OBBF_NC3-.qmd,TRUE,2023-01-04T11:12:02Z
OfWH_OWE-HB.qmd,TRUE,2023-01-04T11:12:03Z
PB22_NC3-.qmd,TRUE,2023-01-04T11:12:03Z
OBITUARYJ_LCOf.qmd,TRUE,2023-01-04T11:12:03Z
NwYU_NC3-.qmd,TRUE,2023-01-04T11:12:03Z
OnwA_Wnd._2022-12-11.qmd,TRUE,2023-01-04T11:12:03Z
OBITUARYT_LCOf.qmd,TRUE,2023-01-04T11:12:04Z
NEDG_SknA_2022-12-12.qmd,TRUE,2023-01-04T11:12:04Z
PhBA_Tm-S.qmd,TRUE,2023-01-04T11:12:04Z
PHDM_LCOf.qmd,TRUE,2023-01-04T11:12:04Z
OWCN_OWE-HB.qmd,TRUE,2023-01-04T11:12:04Z
OBITUARYTL_LCOf.qmd,TRUE,2023-01-04T11:12:05Z
PJ01_SBN-.qmd,TRUE,2023-01-04T11:12:05Z
NTPB_NC3-.qmd,TRUE,2023-01-04T11:12:05Z
PrnH_NC3-.qmd,TRUE,2023-01-04T11:12:05Z
OnwA_Wnd.qmd,TRUE,2023-01-04T11:12:06Z
PGEC_AiA-HB.qmd,TRUE,2023-01-04T11:12:06Z
QnUK_NC3-.qmd,TRUE,2023-01-04T11:12:06Z
On22_NC3-.qmd,TRUE,2023-01-04T11:12:06Z
RCHH_CntP_2022-12-26.qmd,TRUE,2023-01-04T11:12:06Z
OBITUARYE_LCOf.qmd,TRUE,2023-01-04T11:12:06Z
READ_NC3-.qmd,TRUE,2023-01-04T11:12:07Z
PSGM_NC3-.qmd,TRUE,2023-01-04T11:12:07Z
PlcA_NC3-.qmd,TRUE,2023-01-04T11:12:07Z
RSSB_TSBI.qmd,TRUE,2023-01-04T11:12:07Z
PHOT_Tm-S.qmd,TRUE,2023-01-04T11:12:07Z
RWII_NC3-.qmd,TRUE,2023-01-04T11:12:08Z
OLRT_Nzhw.qmd,TRUE,2023-01-04T11:12:08Z
RnywthrtcntnthrghnxtwknSntBrbrCntyl_LSBNRf-BNN.qmd,TRUE,2023-01-04T11:12:08Z
RAOG_BoOEM.qmd,TRUE,2023-01-04T11:12:09Z
RCOI_TSBI.qmd,TRUE,2023-01-04T11:12:09Z
RpHN_NC3-.qmd,TRUE,2023-01-04T11:12:09Z
PrtG_NC3-.qmd,TRUE,2023-01-04T11:12:09Z
S25P_NC3-.qmd,TRUE,2023-01-04T11:12:09Z
P202_NC3-.qmd,TRUE,2023-01-04T11:12:09Z
SBBA_Nzhw.qmd,TRUE,2023-01-04T11:12:10Z
RcrV_NC3-.qmd,TRUE,2023-01-04T11:12:10Z
SBOS_TSBI.qmd,TRUE,2023-01-04T11:12:10Z
SHSL_TSBI.qmd,TRUE,2023-01-04T11:12:10Z
RMTB_Nzhw.qmd,TRUE,2023-01-04T11:12:10Z
PWPL_AiA-HB.qmd,TRUE,2023-01-04T11:12:11Z
RWEB_SknA_2022-12-12.qmd,TRUE,2023-01-04T11:12:11Z
SA34_NC3-.qmd,TRUE,2023-01-04T11:12:11Z
SLRT_SLR-HB.qmd,TRUE,2023-01-04T11:12:12Z
SMJ1_LSBNRf-BNN.qmd,TRUE,2023-01-04T11:12:12Z
RnywthrtcntnthrghnxtwknSntBrbrCntys_LSBNRf-BNN.qmd,TRUE,2023-01-04T11:12:12Z
SJFO_VOAN_2022-12-06.qmd,TRUE,2023-01-04T11:12:12Z
RBOE_BoOEM.qmd,TRUE,2023-01-04T11:12:12Z
RylG_P-HB.qmd,TRUE,2023-01-04T11:12:12Z
SBCH_TSBI.qmd,TRUE,2023-01-04T11:12:13Z
SPOR_SBN-.qmd,TRUE,2023-01-04T11:12:13Z
SOCT_LCOf.qmd,TRUE,2023-01-04T11:12:13Z
SI56_GlbN_2022-12-20.qmd,TRUE,2023-01-04T11:12:14Z
SOLDBOEMNmCNFRWEOWHPWTOWLOHC_Bzt._2022-12-08.qmd,TRUE,2023-01-04T11:12:14Z
SCRC_NC3-.qmd,TRUE,2023-01-04T11:12:14Z
RWEU_PRNw_2022-12-07.qmd,TRUE,2023-01-04T11:12:15Z
SLOV_NC3-.qmd,TRUE,2023-01-04T11:12:15Z
SXCB_Nzhw.qmd,TRUE,2023-01-04T11:12:15Z
SNGB_NC3-.qmd,TRUE,2023-01-04T11:12:15Z
ScNC_NC3-.qmd,TRUE,2023-01-04T11:12:15Z
S202_NC3-.qmd,FALSE,2023-01-04T11:12:16Z
SMD3_LSBNRf-BNN.qmd,TRUE,2023-01-04T11:12:16Z
SlUS_ABCN_2022-12-05.qmd,TRUE,2023-01-04T11:12:16Z
STAR_LCOf.qmd,TRUE,2023-01-04T11:12:17Z
SHBT_AiA-HB.qmd,TRUE,2023-01-04T11:12:17Z
SlUS_Indp_2022-12-05.qmd,TRUE,2023-01-04T11:12:17Z
SOLDBOEMNCNFRWEOWHPWTOWLOHCL_LsCO_2022-12-07.qmd,TRUE,2023-01-04T11:12:17Z
SlUS_Kst._2022-12-05.qmd,TRUE,2023-01-04T11:12:18Z
SOLDBOEMNmCNFRWEOWHPWTOWLOHC_Bzt.qmd,TRUE,2023-01-04T11:12:18Z
SlUS_TrnS_2022-12-05.qmd,TRUE,2023-01-04T11:12:18Z
SMGW_Nzhw.qmd,TRUE,2023-01-04T11:12:18Z
SXTV_NC3-.qmd,TRUE,2023-01-04T11:12:19Z
SntB_SBN-.qmd,TRUE,2023-01-04T11:12:19Z
ScnR_L-HB.qmd,TRUE,2023-01-04T11:12:19Z
SlUS_AssP_2022-12-05.qmd,TRUE,2023-01-04T11:12:19Z
SlUS_stt._2022-12-05.qmd,TRUE,2023-01-04T11:12:20Z
Strm_NC3-.qmd,TRUE,2023-01-04T11:12:20Z
SPDN_NC3-.qmd,TRUE,2023-01-04T11:12:20Z
SlUS_KPBS_2022-12-05.qmd,TRUE,2023-01-04T11:12:21Z
TBTB_NC3-.qmd,TRUE,2023-01-04T11:12:21Z
ScnR_SLR-HB.qmd,TRUE,2023-01-04T11:12:21Z
TCEQ_CA.qmd,TRUE,2023-01-04T11:12:21Z
SlUS_Kst.qmd,TRUE,2023-01-04T11:12:21Z
SlUS_YhEn_2022-12-05.qmd,TRUE,2023-01-04T11:12:21Z
TCQT_CA.M_2022-12-14.qmd,TRUE,2023-01-04T11:12:22Z
TCWC_SLR-HB.qmd,TRUE,2023-01-04T11:12:22Z
SsIT_NC3-.qmd,TRUE,2023-01-04T11:12:23Z
TEVC_Tm-S.qmd,TRUE,2023-01-04T11:12:23Z
TBB2_TSBI.qmd,TRUE,2023-01-04T11:12:23Z
SlUS_stt.qmd,TRUE,2023-01-04T11:12:23Z
SlUS_NBCN_2022-12-05.qmd,TRUE,2023-01-04T11:12:23Z
TMTN_TSBI.qmd,TRUE,2023-01-04T11:12:24Z
TGBA_EURA_2022-12-21.qmd,TRUE,2023-01-04T11:12:24Z
TRAF_SBN-.qmd,TRUE,2023-01-04T11:12:24Z
TBXV_NC3-.qmd,TRUE,2023-01-04T11:12:24Z
TCQT_CA.qmd,TRUE,2023-01-04T11:12:25Z
StSS_SBN-.qmd,TRUE,2023-01-04T11:12:25Z
TCOD_OlP._2022-12-09.qmd,TRUE,2023-01-04T11:12:25Z
TSAR_SLR-HB.qmd,FALSE,2023-01-04T11:12:25Z
TTNE_NC3-.qmd,TRUE,2023-01-04T11:12:25Z
THEE_LCOf.qmd,TRUE,2023-01-04T11:12:26Z
ThcyclcntrflrnngRnClns_LSBNRf-BNN.qmd,TRUE,2023-01-04T11:12:26Z
TUSI_OlP.qmd,TRUE,2023-01-04T11:12:26Z
Tmsp_SBN-.qmd,TRUE,2023-01-04T11:12:26Z
TDTS_KQED_2022-12-21.qmd,TRUE,2023-01-04T11:12:26Z
TCOD_OlP.qmd,TRUE,2023-01-04T11:12:27Z
TFEU_TchT_2022-12-08.qmd,TRUE,2023-01-04T11:12:27Z
UCSBM_TSBI.qmd,TRUE,2023-01-04T11:12:28Z
TrUS_NC3-.qmd,TRUE,2023-01-04T11:12:28Z
UNAR_SBN-.qmd,TRUE,2023-01-04T11:12:28Z
TNTS_LCOf.qmd,TRUE,2023-01-04T11:12:28Z
TTAF_AsFR_2022-11-22.qmd,TRUE,2023-01-04T11:12:28Z
TS23_LSBNRf-BNN.qmd,TRUE,2023-01-04T11:12:29Z
TFPW_SngH_2022-12-12.qmd,TRUE,2023-01-04T11:12:29Z
UPDATES_Tm-S.qmd,TRUE,2023-01-04T11:12:29Z
UPDATEItBFYVCCOPWOWBFEWTAT_Bzt._2022-12-09.qmd,TRUE,2023-01-04T11:12:30Z
TUSP_NC3-.qmd,TRUE,2023-01-04T11:12:30Z
UPDATEIBFYVCCOPWOWBFEWTATWA_LsCO_2022-12-08.qmd,TRUE,2023-01-04T11:12:30Z
TUSI_OlP._2022-12-06.qmd,TRUE,2023-01-04T11:12:30Z
Thmr_ThIT_2022-11-23.qmd,TRUE,2023-01-04T11:12:30Z
VTDH_LCOf.qmd,TRUE,2023-01-04T11:12:30Z
TS25_LSBNRf-BNN.qmd,TRUE,2023-01-04T11:12:30Z
UPDATI_LCOf.qmd,TRUE,2023-01-04T11:12:31Z
TrmT_NC3-.qmd,TRUE,2023-01-04T11:12:31Z
TnMN_NC3-.qmd,TRUE,2023-01-04T11:12:31Z
WHATWENTDOWND_LCOf.qmd,TRUE,2023-01-04T11:12:32Z
ThcyclcntrflrnngRnClnl_LSBNRf-BNN.qmd,TRUE,2023-01-04T11:12:32Z
UCSBW_Nzhw.qmd,TRUE,2023-01-04T11:12:32Z
USkC_Rtrs_2022-12-06.qmd,TRUE,2023-01-04T11:12:32Z
W140_LSBNRf-BNN.qmd,TRUE,2023-01-04T11:12:33Z
UPDATEB_LCOf.qmd,TRUE,2023-01-04T11:12:33Z
WST1_NC3-.qmd,TRUE,2023-01-04T11:12:33Z
TwBA_Tm-S.qmd,TRUE,2023-01-04T11:12:33Z
WDMS_LCOf.qmd,TRUE,2023-01-04T11:12:33Z
UPDATEItBFYVCCOPWOWBFEWTATW_Sls._2022-12-09.qmd,TRUE,2023-01-04T11:12:34Z
UPDATE_Tm-S.qmd,FALSE,2023-01-04T11:12:34Z
UPDATEItBFYVCCOPWOWBFEWTAT_Bzt.qmd,TRUE,2023-01-04T11:12:34Z
WHAT_LCOf.qmd,TRUE,2023-01-04T11:12:34Z
WPCT_LCOf.qmd,TRUE,2023-01-04T11:12:34Z
US1A_NC3-.qmd,TRUE,2023-01-04T11:12:35Z
VW20_NC3-.qmd,TRUE,2023-01-04T11:12:35Z
UPDATEItBFYVCCOPWOWBFEWTATW_Sls.qmd,TRUE,2023-01-04T11:12:35Z
VCMA_Nzhw.qmd,TRUE,2023-01-04T11:12:35Z
WhNC_SLR-HB.qmd,TRUE,2023-01-04T11:12:35Z
WrrH_NC3-.qmd,TRUE,2023-01-04T11:12:36Z
WHATWENTDOWNJ_LCOf.qmd,TRUE,2023-01-04T11:12:36Z
W202_NC3-.qmd,TRUE,2023-01-04T11:12:36Z
USHT_SBN-.qmd,TRUE,2023-01-04T11:12:36Z
WEEK_LCOf.qmd,TRUE,2023-01-04T11:12:36Z
WNC3_L-HB.qmd,TRUE,2023-01-04T11:12:37Z
WCMC_LCOf.qmd,TRUE,2023-01-04T11:12:37Z
WSLT_Nzhw.qmd,TRUE,2023-01-04T11:12:37Z
WUSE_Frbs_2022-12-12.qmd,TRUE,2023-01-04T11:12:37Z
WhtI_NC3-.qmd,TRUE,2023-01-04T11:12:38Z
WNC3_OWE-HB.qmd,TRUE,2023-01-04T11:12:38Z
Whtm_NC3-.qmd,TRUE,2023-01-04T11:12:38Z
